{
  "TotalLearningOdometer": 40021,
  "BatteryPerform": 4.4,
  "ChekPerform": 4.4,
  "AutoPerform": 4.2,
  "CockpitPerform": 4.5,
  "DynamicPerform": 4.4,
  "DecorationPerform": 4.4,
  "AfterSalesPerform": 4.8,
  "TotalAutoOdometer": 3116.08172675,
  "TotalTestingOdometer": 3699.2916861000003,
  "BatteryAccuracy": 100,
  "TotalActualOdometer": 3689.000001,
  "TotalHMIOdometer": 3699.2916861000003,
  "KmPerBadDcc": 38.951021584375,
  "AverageBadDccChange": -1,
  "RecentAverageBadDccs": [
    -2.305685199999999,
    -2.305685199999999,
    -2.300878815789473,
    -2.300878815789473,
    -2.3155075641025635,
    -2.3155075641025635,
    -2.332468227848101,
    -2.332468227848101,
    -2.3378165416666663,
    -2.3378165416666663
  ],
  "AverageBadDcc": -2.3378165416666663,
  "AverageBadDccTime": 1.7125,
  "AverageBadDccTimeChange": -1,
  "KmPerBadAcc": 239.69859436538462,
  "AverageBadAccChange": 1,
  "RecentAverageBadAccs": [
    1.9266074074074078,
    1.9266074074074078,
    1.9368066666666668,
    1.9368066666666668,
    1.945151515151515,
    1.945151515151515,
    1.9574138888888888,
    1.9574138888888888,
    1.965151282051282,
    1.965151282051282
  ],
  "AverageBadAcc": 1.965151282051282,
  "AverageBadAccTime": 1.4615384615384615,
  "AverageBadAccTimeChange": 1,
  "RiskPercent": 1,
  "KmPerRiskIntervention": 779.0204316875,
  "RiskInterventionCount": 4,
  "KmPerHumanIntervention": 327,
  "HumanInterventionCount": 327,
  "SlipCount": 0,
  "AverageSlipMeters": 0,
  "AverageSlipTime": 0,
  "KmPerBadTurn": 28.072808349099102,
  "AverageBadTurnMeters": 25.329861261261257,
  "AverageBadTurnTime": 1.5585585585585586,
  "SnubCount": 195,
  "AverageSnubMeters": 19.95532205128205,
  "AverageSnubTime": 1.0512820512820513,
  "TimePerHundredKm": 1.08356679111324756,
  "OverPercent": 0
}